A,B,I,B,I,Y
A,B,I,J,E,D
A,B,I,M,U,T
A,B,I,Z,U,J
A,B,O,W,U,J
A,B,U,Q,O,D
A,C,I,R,A,G
A,C,O,R,E,R
A,C,O,R,U,H
A,C,O,S,E,S
A,C,U,N,A,P
A,D,I,S,A,I
A,D,I,S,I,Q
A,D,I,S,U,C
A,F,A,M,I,D
A,F,E,W,E,N
A,F,I,F,O,K
A,F,I,H,U,T
A,F,I,N,O,V
A,G,A,S,U,Y
A,G,E,K,A,A
A,G,E,P,U,A
A,G,E,Q,A,H
A,H,A,M,I,F
A,H,O,P,U,I
A,J,A,R,U,A
A,K,A,X,O,Z
A,K,I,P,O,B
A,K,O,H,U,F
A,L,A,M,A,C
A,L,P,D,L,M
A,L,P,M,I,A
A,M,D,O,D,P,1,0
A,M,E,M,A,H
A,M,O,F,A,J
A,M,O,L,P,R
A,N,O,F,O,Z
A,N,O,K,U,L
A,N,O,X,U,X
A,P,A,P,O,X
A,P,E,N,T,N,0,2
A,Q,A,R,I,U
A,R,A,H,A,D
A,S,E,G,O,W
A,S,O,R,I,K
A,T,A,H,O,T
A,T,E,Z,I,I
A,T,U,K,E,G
A,V,A,J,E,M
A,V,I,J,E,W
A,V,U,H,E,G
A,W,I,R,A,B,0,2
A,X,I,J,O,H
A,X,O,Q,O,U
A,Y,A,G,I,S
A,Y,U,V,O,G
A,Z,A,D,E,M
A,Z,A,F,U,D
A,Z,A,H,A,L
A,Z,A,P,O,G
A,Z,E,G,I,X
A,Z,E,J,U,M
A,Z,I,D,E,S
A,Z,I,T,E,I
A,Z,O,V,I,V
A,Z,U,D,A,B
A,Z,U,R,O,C
A,Z,U,X,U,P
B,A,D,K,O,I
B,A,D,V,I,O
B,A,F,Y,I,Q
B,A,G,M,A,Y
B,A,H,Q,E,G
B,A,K,V,E,P
B,A,L,L,O,S
B,A,L,S,O,W
B,A,N,B,O,J
B,A,N,M,E,I
B,A,S,Z,A,X
B,A,S,Z,E,B
B,A,S,Z,I,F
B,A,W,Y,E,E
B,A,X,L,I,V
B,A,Y,D,A,I
B,A,Z,R,E,C
B,A,Z,W,I,I
B,C,M,S,F,A
B,E,B,D,E,T
B,E,D,W,U,C
B,E,F,C,U,M
B,E,P,H,U,W
B,E,P,H,U,Y
B,E,P,H,U,Z
B,E,P,Y,A,X
B,E,T,F,U,B
B,E,W,F,E,P
B,E,W,S,U,S
B,I,C,Z,E,T
B,I,G,S,E,Q
B,I,H,D,U,T
B,I,H,M,I,Q
B,I,T,K,E,X
B,I,Z,C,I,Z
B,O,B,T,O,D
B,O,C,R,U,J
B,O,C,S,O,E
B,O,J,P,E,Y
B,O,K,G,I,T
B,O,M,L,E,W
B,O,N,N,O,K
B,O,P,T,E,I
B,O,P,T,U,Y
B,O,P,X,O,V
B,O,P,Y,A,I
B,O,Q,K,U,Q
B,O,Q,R,E,G
B,O,Q,Y,A,J
B,O,S,S,U,Z
B,O,Y,Z,U,L
B,P,T,Z,T,D
B,U,B,S,A,T
B,U,C,K,O,Z
B,U,D,N,U,L
B,U,D,T,E,A
B,U,F,L,A,Q
B,U,N,K,O,L
B,U,N,R,O,T
B,U,T,R,A,L
B,U,V,G,A,C
B,U,V,H,E,G
B,U,Z,L,I,R
B,X,P,R,O,L,0,2
B,Z,O,L,C,T
C,A,L,S,U,G
C,A,P,V,E,X
C,A,V,G,I,Q
C,A,W,N,I,Z
C,A,X,R,I,F
C,A,Z,R,A,Y
C,B,B,S,U,L,1,0
C,E,B,L,A,W
C,E,B,N,I,G
C,E,C,T,E,L
C,E,F,K,I,H
C,E,G,L,O,S
C,E,J,W,U,M
C,E,K,M,E,N
C,E,L,N,U,C
C,E,L,P,A,K
C,E,M,I,N,D
C,E,M,J,A,F
C,E,M,Y,O,J
C,E,S,P,U,M
C,E,W,C,E,P
C,E,Y,P,O,O
C,I,B,G,A,X
C,I,B,K,U,T
C,I,C,S,O,X
C,I,K,N,E,P
C,I,P,P,U,O
C,I,Q,C,A,G
C,I,Q,G,I,U
C,I,S,J,A,P
C,I,W,X,U,E
C,I,Y,S,I,M
C,O,B,Q,E,S
C,O,C,B,O,M
C,O,F,D,A,C,1,0
C,O,J,X,U,X
C,O,K,L,U,M
C,O,Q,L,U,P
C,O,V,J,O,O
C,O,Z,P,U,D
C,P,H,I,N,O
C,P,M,O,I,C,1,0
C,U,B,S,I,D
C,U,C,V,A,Y,0,1
C,U,L,V,O,U
C,U,P,L,I,K
C,U,P,N,U,Y
C,U,P,W,O,Z
C,U,R,J,A,B
C,U,R,T,A,M
C,U,V,B,I,F
C,U,V,G,A,B
C,U,V,J,O,T
C,X,P,T,D,Z
D,A,C,P,I,I
D,A,D,R,A,D
D,A,H,S,U,A
D,A,J,L,E,G
D,A,P,H,E,H
D,A,S,D,A,D
D,A,T,L,A,O
D,A,X,K,A,P
D,A,Y,T,U,V
D,A,Y,Y,E,J
D,E,B,M,U,S
D,E,B,P,A,B
D,E,B,R,I,L
D,E,C,K,U,R
D,E,F,D,I,B
D,E,F,X,E,R
D,E,H,X,U,J
D,E,N,H,A,F
D,E,P,K,A,L
D,E,Q,J,O,Y
D,E,Q,N,O,F
D,E,R,D,O,U
D,E,T,R,U,Q
D,E,X,R,U,W
D,E,Y,C,O,B
D,E,Y,F,E,T
D,I,B,F,O,J
D,I,C,M,I,M
D,I,D,G,U,S
D,I,G,G,A,E
D,I,H,C,U,S
D,I,H,N,U,D,1,0
D,I,H,W,A,T
D,I,J,B,E,G
D,I,J,S,I,A
D,I,L,C,E,G,1,0
D,I,L,K,O,A
D,I,N,Q,I,D
D,I,N,Q,U,P
D,I,P,S,U,T
D,I,T,G,I,Z
D,I,V,F,E,W
D,I,W,D,I,W
D,I,W,K,O,K
D,I,Y,Y,O,A
D,I,Z,L,U,U
D,M,M,A,R,K
D,M,U,V,I,C
D,O,B,F,O,R
D,O,B,H,U,Y
D,O,B,W,U,N
D,O,G,V,I,H
D,O,H,W,A,Y
D,O,J,G,O,B
D,O,K,P,A,W
D,O,N,G,U,I
D,O,R,V,O,X
D,O,S,B,U,L
D,O,S,C,O,G
D,O,T,K,O,M
D,O,T,R,E,J
D,O,T,W,O,Y
D,O,X,N,U,Z
D,O,X,S,U,G
D,U,F,K,I,Y
D,U,J,F,O,E
D,U,P,L,I,L
D,U,T,S,E,S
D,U,V,D,I,I
D,U,V,N,A,J
D,U,X,G,A,F
D,U,X,H,I,P
D,U,X,H,O,V
D,U,X,V,I,C
E,A,B,C,E,P
E,A,C,X,I,P
E,B,A,P,U,T
E,B,I,S,E,O
E,C,A,K,E,B
E,C,U,M,O,H
E,C,U,P,O,K
E,D,A,H,A,T
E,D,A,Q,O,S
E,D,O,R,O,F
E,D,U,H,O,A
E,F,E,M,I,M
E,G,A,J,U,S
E,G,E,P,I,P
E,G,E,Z,U,N
E,G,I,Z,E,A
E,G,O,N,A,Q
E,G,O,T,I,G
E,G,O,V,A,Z
E,H,A,B,O,H
E,H,A,D,O,G
E,H,A,H,I,E
E,H,A,T,E,O
E,J,E,S,U,I
E,J,U,F,O,E
E,J,U,H,O,G
E,J,U,Q,U,X
E,K,A,N,I,N
E,K,O,H,I,V
E,L,O,W,U,Z
E,L,U,V,U,D
E,M,A,H,O,P
E,M,E,V,A,U
E,M,O,M,U,Q
E,M,U,J,A,Z
E,N,A,Z,U,P
E,N,E,F,E,I
E,N,I,Y,E,F
E,Q,O,L,A,X
E,R,I,T,I,I
E,R,I,W,O,R
E,R,O,B,I,X
E,S,E,P,E,Z
E,S,E,Q,U,Q
E,S,O,K,O,O
E,S,O,V,A,K
E,U,P,A,T,O
E,W,E,H,U,K
E,Y,A,B,A,H
E,Y,A,B,E,L
E,Y,A,B,I,P
E,Y,A,F,E,Q
E,Z,A,M,U,O
E,Z,A,R,U,U
E,Z,E,P,I,J
E,Z,O,L,E,M
E,Z,O,Q,E,Q
E,Z,U,L,O,B
E,Z,U,Y,O,O
F,A,C,X,O,Y
F,A,D,W,I,T
F,A,F,J,A,X
F,A,H,S,E,N
F,A,J,Y,U,K
F,A,L,C,E,A
F,A,L,P,U,D
F,A,M,G,U,Y
F,A,M,H,A,C
F,A,P,W,I,E
F,A,P,Y,O,L
F,A,R,B,I,K
F,A,S,J,O,Z
F,A,S,K,U,H
F,A,T,Z,O,R
F,A,V,B,A,H
F,A,W,N,A,V
F,A,X,M,I,A
F,A,Y,D,U,F
F,A,Z,Y,U,D
F,E,B,J,A,Y
F,E,C,Q,A,F
F,E,D,Q,O,V
F,E,F,M,A,F
F,E,G,G,U,W
F,E,G,Z,E,W
F,E,H,Q,E,P
F,E,M,H,U,B
F,E,P,B,A,D
F,E,P,T,I,D
F,E,Q,B,I,P
F,E,S,C,E,M
F,E,S,Y,E,I
F,E,T,W,U,Z
F,E,V,F,I,Y
F,E,W,P,U,V
F,E,X,D,E,T
F,E,X,X,A,H
F,E,Y,V,I,R
F,E,Z,W,O,Z
F,I,C,K,E,K
F,I,D,B,U,R
F,I,D,P,E,Q
F,I,F,G,O,Q,0,3
F,I,K,X,O,P
F,I,Q,N,I,E
F,I,Q,Z,E,N
F,I,S,N,O,M
F,I,T,W,E,N
F,I,V,R,U,X
F,I,W,N,A,C
F,I,Y,P,I,O
F,I,Z,H,I,F
F,I,Z,L,I,M
F,I,Z,P,U,A
F,I,Z,Q,I,Q
F,I,Z,Q,O,X
F,I,Z,T,E,Q
F,O,K,K,E,Y
F,O,L,Q,O,O
F,O,L,Q,U,T
F,O,N,W,I,O,0,1
F,O,R,B,E,W
F,O,R,B,I,A
F,O,T,N,O,T
F,O,V,W,E,S
F,O,X,C,E,B
F,O,Y,D,E,D
F,O,Z,F,E,F
F,O,Z,H,I,N
F,U,B,H,A,L
F,U,C,J,U,I
F,U,F,L,A,T
F,U,H,M,O,L
F,U,H,N,A,Y
F,U,H,Z,E,N
F,U,J,P,O,P
F,U,L,S,E,M
F,U,L,Z,I,V
F,U,M,M,E,G
F,U,M,M,O,Q
F,U,N,Q,I,O
F,U,S,J,A,E
F,U,W,L,O,Z
F,U,X,Z,E,F
F,U,Y,M,E,T
F,U,Z,K,U,H
G,A,B,D,A,Q
G,A,B,F,O,F
G,A,B,H,O,I
G,A,C,G,I,C
G,A,C,H,A,U
G,A,D,F,E,X
G,A,D,T,I,R
G,A,D,V,A,J
G,A,F,M,O,R
G,A,F,Y,I,Y
G,A,H,G,O,M
G,A,S,R,U,O
G,A,S,Z,E,H
G,A,W,D,O,Y
G,A,W,G,O,D
G,A,Y,C,I,S
G,A,Z,N,O,M
G,E,D,F,I,H
G,E,D,W,I,V
G,E,F,H,O,Q
G,E,H,V,U,M
G,E,H,Z,A,W
G,E,P,T,A,Y
G,E,Q,S,A,Z
G,E,S,Y,I,P
G,E,V,B,E,Q
G,E,V,G,O,F
G,E,Y,M,E,E
G,E,Z,W,O,A
G,I,B,V,I,X
G,I,G,Y,E,A
G,I,K,L,I,Y
G,I,L,W,A,C
G,I,M,V,E,D
G,I,M,X,E,H
G,I,N,F,O,Y
G,I,N,Y,U,Y
G,I,Q,F,U,J
G,I,R,B,A,N
G,I,T,W,I,S
G,I,W,Q,E,I
G,I,Y,Q,I,P
G,O,C,Z,E,G
G,O,D,H,O,X
G,O,D,Q,A,U
G,O,D,T,U,Q
G,O,J,R,I,J
G,O,L,L,I,C
G,O,L,X,I,R
G,O,M,G,U,K
G,O,M,H,A,R
G,O,P,B,O,E
G,O,R,W,E,P
G,O,T,K,E,I
G,O,V,K,A,F
G,U,B,G,E,P
G,U,C,J,U,K
G,U,D,S,E,F
G,U,G,G,I,Y
G,U,H,K,E,B
G,U,J,M,I,J
G,U,K,C,O,E
G,U,M,B,A,R
G,U,M,B,E,V
G,U,M,T,E,O
G,U,N,H,A,A
G,U,P,C,O,L
G,U,P,D,A,Y
G,U,X,T,A,W
G,U,Z,M,I,Y
H,A,B,X,I,T
H,A,H,M,U,B
H,A,K,L,A,I
H,A,L,M,A,J
H,A,L,P,I,T
H,A,N,B,U,V
H,A,N,G,I,O
H,A,N,V,E,Z
H,A,R,F,E,N
H,A,R,T,I,G
H,A,S,L,E,U
H,A,V,S,A,A
H,A,W,P,O,N
H,A,X,C,A,K
H,A,X,W,U,Y
H,A,Y,P,O,P
H,E,G,H,A,C
H,E,J,L,E,P
H,E,K,B,A,A
H,E,L,T,A,T
H,E,N,B,E,K
H,E,P,Q,I,F
H,E,R,J,U,J
H,E,R,K,I,Z
H,E,R,N,I,C
H,E,R,S,A,B
H,E,S,V,U,W
H,E,W,B,A,M
H,E,W,G,O,I
H,E,W,J,O,L
H,E,X,H,O,K
H,E,X,Q,A,D,0,1
H,E,Y,L,I,H
H,E,Z,H,I,F
H,E,Z,T,U,D
H,I,B,Z,A,T
H,I,C,M,A,K
H,I,D,F,O,S
H,I,D,M,U,C
H,I,D,N,E,N
H,I,D,R,O,C
H,I,F,S,A,Q
H,I,G,H,I,P
H,I,J,R,E,A
H,I,K,T,O,N
H,I,P,T,U,W
H,I,R,G,A,T
H,I,W,P,I,P
H,M,D,N,O,A
H,M,D,N,O,B
H,M,P,Y,Q,U
H,O,B,Y,U,T
H,O,C,N,E,T
H,O,D,Z,I,M
H,O,F,X,I,K
H,O,F,X,U,W
H,O,F,Y,A,D
H,O,G,J,U,J
H,O,H,H,E,S
H,O,H,P,I,E
H,O,H,X,U,X
H,O,J,S,O,Q
H,O,M,C,I,X
H,O,M,K,I,F
H,O,N,T,I,N
H,O,N,X,I,R
H,O,N,Z,O,C
H,O,P,H,O,L
H,O,P,J,I,H
H,O,P,N,I,K
H,O,S,F,A,W
H,O,S,K,A,C
H,O,S,R,I,Q,0,2
H,O,V,Y,A,T
H,O,W,F,E,G
H,O,X,S,A,R
H,U,D,D,A,L
H,U,H,B,I,W
H,U,H,K,O,M
H,U,J,X,I,V
H,U,N,D,E,Z
H,U,R,K,O,W
H,U,R,Y,U,Q
H,U,T,N,I,U
H,U,V,V,E,A
H,U,W,L,E,Q
H,U,X,J,E,Q
H,U,Z,W,A,C
I,B,A,J,O,N
I,B,I,Y,O,K
I,B,O,R,A,T
I,C,E,B,I,B
I,C,I,H,U,Y
I,C,U,S,E,F
I,C,U,S,O,P
I,D,A,B,U,L
I,D,A,Q,I,Q
I,D,E,L,U,B
I,D,O,M,O,F
I,D,O,T,A,Y
I,D,U,H,I,Y
I,F,E,Y,A,V
I,F,I,D,O,Q
I,F,I,F,U,Y
I,F,U,W,A,K
I,G,A,X,U,L
I,H,A,F,U,T
I,H,I,K,A,N
I,H,U,R,I,O
I,K,O,N,E,D
I,M,I,P,A,X
I,M,O,S,U,A
I,M,U,Q,I,R
I,N,I,D,O,A
I,N,I,T,U,W
I,P,A,M,I,X
I,P,A,P,U,L
I,P,E,X,E,G
I,P,M,U,D,S
I,P,U,B,O,L
I,P,U,D,A,Z
I,P,U,H,U,Y
I,P,U,M,A,J
I,Q,A,F,I,Q
I,Q,O,G,U,S
I,R,A,N,A,R
I,R,A,S,U,R
I,R,E,L,O,H
I,R,U,D,O,Q
I,S,U,M,O,A
I,S,U,M,U,G
I,S,U,P,A,N
I,S,U,X,E,A
I,T,A,W,U,W
I,T,O,H,E,G
I,V,E,N,A,Z
I,V,U,L,U,I
I,V,U,P,U,N
I,W,U,Q,I,C
I,W,U,Z,O,R
I,X,E,N,A,D
I,Y,I,H,A,Z
I,Y,U,M,E,W
I,Z,E,B,I,Y
I,Z,I,K,U,X
I,Z,I,Q,I,T
I,Z,U,Y,A,D
J,A,B,P,U,Y
J,A,B,Q,I,N
J,A,B,Z,U,K
J,A,C,V,I,V
J,A,D,T,A,J
J,A,F,C,I,C
J,A,M,G,E,J
J,A,Q,G,U,E
J,A,Q,N,E,X
J,A,T,X,I,L
J,A,V,Z,U,C
J,A,W,K,I,C
J,E,C,T,U,J
J,E,F,P,E,P
J,E,J,S,U,N
J,E,S,H,O,F
J,E,S,H,U,K
J,E,S,P,U,S
J,E,T,Y,U,D
J,E,X,B,I,Y
J,I,N,B,O,X
J,I,Q,J,O,I
J,I,Q,K,A,V
J,I,S,V,U,C
J,I,W,D,O,J
J,I,W,K,U,V
J,O,C,V,A,B
J,O,D,Q,O,I
J,O,F,J,O,E,0,1
J,O,G,J,I,B
J,O,G,Y,E,L
J,O,H,S,A,C
J,O,K,K,U,Q
J,O,K,N,O,N
J,O,K,N,U,T
J,O,P,J,U,W
J,O,P,L,E,F
J,O,P,L,E,F,1,0
J,O,R,F,E,B
J,U,F,D,E,T
J,U,G,T,I,Q
J,U,K,J,I,K
J,U,N,R,A,N
J,U,Q,L,O,W
J,U,W,Z,U,W
J,U,X,H,E,P
K,A,B,M,U,X
K,A,B,V,O,Y
K,A,C,L,O,Q
K,A,G,T,I,V
K,A,H,P,A,N
K,A,J,Q,E,T
K,A,K,D,U,V
K,A,L,Z,I,H
K,A,M,N,U,H
K,A,Q,F,E,P
K,A,Q,M,E,V
K,A,Q,R,A,Y
K,A,R,G,O,Z
K,A,T,B,A,I
K,A,T,N,I,E
K,A,T,P,I,G
K,A,T,R,A,A
K,A,W,N,U,U
K,A,X,T,O,S
K,A,Y,M,O,M
K,A,Z,H,U,O
K,E,D,W,U,L
K,E,F,B,O,P
K,E,F,L,I,R
K,E,G,H,U,B
K,E,G,Q,U,L
K,E,K,T,O,K
K,E,L,B,O,V
K,E,L,C,O,W
K,E,M,S,O,K
K,E,N,P,U,R
K,E,P,D,E,O
K,E,P,H,I,Y
K,E,P,K,U,N
K,E,P,T,I,L
K,E,R,Z,U,D
K,E,W,M,I,I
K,E,Z,Y,A,P
K,I,B,P,U,J
K,I,C,G,A,E
K,I,D,D,A,C
K,I,G,C,A,H
K,I,G,J,E,S
K,I,G,J,O,C
K,I,G,T,A,Y
K,I,J,Z,I,P
K,I,L,F,O,C
K,I,P,V,I,Q
K,I,Q,X,E,N
K,I,Q,Z,E,P
K,I,R,G,A,V
K,I,R,M,A,B
K,I,W,X,A,R
K,I,X,Y,O,H
K,I,Z,L,A,H
K,I,Z,L,E,L
K,O,B,D,I,O
K,O,B,Q,E,X
K,O,C,W,E,E
K,O,F,F,I,U
K,O,F,V,E,J
K,O,G,Y,A,I
K,O,H,H,U,L
K,O,J,G,O,H
K,O,J,N,I,G
K,O,K,F,I,A
K,O,K,V,O,Y
K,O,L,S,U,B
K,O,P,R,E,M
K,O,Q,N,I,P
K,O,R,D,A,Y,0,1
K,O,R,X,O,G
K,O,S,P,O,Z
K,O,S,Q,I,U
K,O,S,W,E,W
K,O,T,G,I,J
K,O,T,G,I,L
K,O,T,N,A,I
K,O,W,K,I,T
K,O,X,B,I,L
K,O,Y,L,E,S
K,O,Y,Q,E,X
K,U,C,G,E,V
K,U,H,H,A,Z
K,U,H,T,O,W
K,U,L,X,A,S
K,U,P,Y,U,T
K,U,R,D,U,X
K,U,R,G,A,G
K,U,S,K,A,L
K,U,S,K,E,P
K,U,T,M,E,S
K,U,V,L,O,D
K,U,W,L,O,E
K,U,X,B,O,V
K,U,X,J,E,T
K,U,X,J,O,E
K,U,X,Z,I,O
K,U,Z,Y,U,A
L,A,G,S,I,W
L,A,H,C,E,E
L,A,H,K,U,A
L,A,K,H,A,G
L,A,K,Q,E,V
L,A,L,W,I,E
L,A,M,N,O,F
L,A,M,P,E,V
L,A,N,J,O,C
L,A,Q,G,E,Q
L,A,Q,Y,A,F
L,A,T,V,A,E
L,A,V,L,E,Z
L,A,W,J,A,X
L,A,W,Z,A,L
L,A,Y,H,O,I
L,A,Y,R,U,A
L,E,B,K,U,A
L,E,F,D,A,D
L,E,F,S,E,W
L,E,G,L,U,G
L,E,J,F,I,P
L,E,N,X,I,N
L,E,N,X,I,O
L,E,Q,S,I,J
L,E,T,R,E,I
L,E,T,T,U,A
L,E,W,W,U,G
L,E,X,N,A,E
L,E,X,Q,A,I
L,E,Y,Q,A,I
L,I,C,K,I,S
L,I,C,Y,U,R
L,I,D,Y,E,C
L,I,H,W,O,P
L,I,K,S,U,U
L,I,M,J,E,Y
L,I,N,M,E,D
L,I,N,M,I,H
L,I,N,X,A,L
L,I,N,Y,U,F
L,I,P,H,U,N,0,1
L,I,P,M,O,P
L,I,R,R,O,V
L,I,S,V,U,G
L,I,S,W,A,N
L,I,S,W,E,R
L,I,T,M,A,D
L,I,T,Z,O,G
L,I,V,R,O,A
L,I,W,T,A,N
L,I,Y,S,A,P
L,I,Z,X,A,V
L,O,B,P,U,Q
L,O,B,Q,E,Y
L,O,B,W,U,V
L,O,C,F,E,O
L,O,D,L,O,H
L,O,D,P,E,B
L,O,F,B,U,D
L,O,H,Q,O,Q
L,O,K,F,U,M
L,O,L,C,O,E
L,O,N,D,A,W
L,O,N,V,O,C
L,O,P,J,U,X
L,O,P,L,O,U
L,O,Q,C,O,M
L,O,R,H,A,E
L,O,R,Z,E,X
L,O,S,D,U,V
L,O,V,N,E,P
L,U,B,D,O,B
L,U,B,N,E,B
L,U,C,X,O,Y
L,U,F,S,O,W
L,U,G,X,U,G
L,U,H,H,E,C
L,U,H,J,A,A
L,U,H,V,I,V
L,U,J,F,U,T
L,U,M,L,U,B
L,U,N,Q,O,A
L,U,P,B,I,I
L,U,P,B,O,N
L,U,Q,J,U,E
L,U,R,X,O,L
L,U,S,Z,O,O
L,U,T,M,U,K
L,U,Z,G,I,X
M,A,C,S,E,Q
M,A,F,V,U,L
M,A,G,R,A,P
M,A,H,T,U,M
M,A,M,H,A,J
M,A,P,F,O,B
M,A,P,X,U,Z
M,A,Q,M,U,P
M,A,R,B,A,L
M,A,V,L,O,K
M,A,V,L,U,Q
M,A,X,P,E,H
M,A,Y,C,A,S
M,A,Y,F,E,A
M,A,Z,X,E,R
M,B,U,A,L,A
M,C,H,T,B,I
M,C,P,X,Z,N,1,0
M,C,T,H,P,Y,1,0
M,E,B,G,I,K
M,E,B,H,E,H
M,E,G,M,I,V
M,E,G,N,A,O
M,E,H,N,A,P
M,E,H,P,I,Y
M,E,J,F,E,M
M,E,J,M,I,Y
M,E,J,T,U,S
M,E,L,B,U,B
M,E,L,K,A,P
M,E,M,Q,O,N
M,E,M,T,U,W
M,E,P,Z,T,C
M,E,S,H,U,O
M,E,S,V,I,S
M,E,W,P,U,B
M,E,X,X,U,L
M,E,Z,K,U,Z
M,E,Z,P,E,O
M,F,S,U,D,T
M,I,F,J,U,G
M,I,F,K,E,R
M,I,F,V,O,M
M,I,G,B,A,I
M,I,H,R,A,Y
M,I,J,K,E,Y
M,I,J,P,U,T
M,I,L,W,A,G
M,I,L,Y,O,Y
M,I,M,L,I,E
M,I,M,R,E,G
M,I,N,H,E,X
M,I,R,L,O,R
M,I,R,N,E,J
M,I,S,Q,U,A
M,I,S,T,A,J
M,I,W,Y,I,B
M,I,X,Q,E,P
M,I,Z,F,E,H
M,O,C,D,A,K
M,O,D,S,E,G
M,O,F,S,U,W
M,O,G,Q,U,W
M,O,N,F,I,E
M,O,P,R,I,U
M,O,V,F,O,T
M,O,V,H,E,L
M,O,V,J,U,D
M,O,Y,H,U,D
M,O,Y,N,E,V
M,P,A,T,H,A
M,P,C,H,B,Z,1,0
M,P,P,R,S,E
M,P,Z,P,A,M
M,U,B,K,E,A
M,U,D,D,I,Y
M,U,J,B,I,E
M,U,J,K,U,Z
M,U,L,M,I,R
M,U,M,D,O,P
M,U,M,X,E,Y
M,U,T,B,E,J
M,U,T,B,I,N
M,U,T,B,O,T
M,U,Z,V,O,T
M,X,P,O,X,Z,1,0
M,X,T,D,O,B
N,A,F,B,E,E
N,A,H,F,A,F
N,A,J,B,U,W
N,A,J,F,E,J
N,A,P,C,E,P
N,A,P,N,U,O
N,A,W,B,O,F
N,A,W,B,U,L
N,A,X,T,U,D
N,E,B,M,A,K
N,E,C,F,E,J
N,E,F,Q,A,S
N,E,F,V,O,K
N,E,H,T,O,L
N,E,H,X,O,O
N,E,M,K,A,T
N,E,N,K,E,X
N,E,N,T,U,Y
N,E,N,X,A,F
N,E,P,Y,E,N
N,E,Q,F,O,F
N,E,S,D,A,T
N,E,S,L,U,S
N,E,X,B,A,T
N,E,X,N,E,K
N,I,C,B,U,W
N,I,G,Q,I,E
N,I,J,M,A,W
N,I,J,P,I,F
N,I,K,Y,E,M
N,I,K,Z,A,K
N,I,L,X,A,H
N,I,M,L,U,R
N,I,P,L,O,Q
N,I,Q,H,E,D
N,I,V,B,A,W
N,I,V,M,U,B
N,I,V,Y,O,J
N,I,W,Q,E,Q
N,I,Y,S,I,A
N,I,Z,S,O,H
N,O,B,K,I,B
N,O,B,V,E,F
N,O,B,V,O,P
N,O,B,W,I,K
N,O,F,Q,E,H
N,O,G,G,I,B
N,O,H,S,E,K
N,O,H,Z,O,B
N,O,N,B,O,I
N,O,N,D,A,W
N,O,N,F,R,A
N,O,P,L,A,G
N,O,P,M,E,L
N,O,R,J,E,K
N,O,S,X,O,I
N,O,S,X,U,O
N,O,T,H,E,L
N,U,B,Z,I,T
N,U,C,Y,U,G
N,U,G,W,A,O
N,U,H,D,O,J
N,U,L,Z,E,A
N,U,M,L,O,Y
N,U,M,R,E,T
N,U,N,K,I,S
N,U,P,N,U,J
N,U,R,F,E,M
N,U,R,Y,E,E
N,U,S,G,O,Z
N,U,T,T,O,L
N,U,V,L,A,S
N,U,W,K,U,M
O,B,I,P,A,R
O,B,I,Z,O,O
O,C,E,L,O,Z
O,C,E,R,U,J
O,C,I,P,I,Z
O,D,A,L,A,I
O,D,O,V,U,Z
O,F,E,T,A,V
O,F,O,G,U,O
O,F,U,Q,E,O
O,F,U,Q,I,S
O,F,U,Q,O,Y
O,F,U,Z,U,M
O,G,O,D,E,V
O,G,U,H,E,D
O,G,U,Z,O,H
O,H,A,D,A,C
O,H,A,D,E,G
O,H,A,W,O,J
O,H,N,O,D,C
O,H,O,H,A,W
O,H,O,V,O,Y
O,J,E,G,I,U
O,J,O,M,O,P
O,K,A,F,E,L
O,K,A,W,E,D
O,K,A,Y,U,V
O,K,O,T,E,P
O,K,U,C,A,Y
O,L,E,S,A,A
O,L,E,S,O,O
O,M,E,H,O,E
O,M,E,N,E,A
O,M,I,J,A,W
O,M,I,N,E,E
O,M,I,V,U,B
O,M,O,R,U,F
O,N,I,L,I,H
O,N,I,Q,E,I
O,P,E,G,U,N
O,P,E,X,U,E
O,P,I,H,E,C
O,P,O,H,A,E
O,P,O,Z,A,W
O,Q,O,H,O,T
O,Q,O,T,O,F
O,Q,O,Z,O,L
O,Q,U,X,E,G
O,R,E,P,A,D
O,R,I,F,E,C
O,R,O,N,I,V
O,R,O,T,O,H
O,S,E,F,O,J
O,S,U,S,O,L
O,T,E,R,E,M
O,T,O,H,I,P
O,T,O,L,I,T
O,V,A,Z,U,I
O,V,E,B,E,Y
O,V,O,F,U,B
O,X,A,L,I,N,0,1
O,X,A,L,I,N,0,2
O,X,A,Z,L,B
O,X,E,C,O,L
O,X,U,C,E,R
O,Y,E,B,U,R
O,Z,U,P,U,W
P,A,B,G,A,C
P,A,B,V,E,W
P,A,C,B,E,A
P,A,C,T,I,Z
P,A,D,V,E,V
P,A,F,B,I,H
P,A,F,K,A,K
P,A,H,G,O,W
P,A,J,P,A,R
P,A,J,R,I,E
P,A,K,M,I,A
P,A,L,N,E,X
P,A,N,B,U,C
P,A,N,K,U,L
P,A,P,C,A,L
P,A,P,W,O,S
P,A,R,K,A,X
P,A,T,F,U,O
P,A,T,V,A,K
P,A,V,Z,O,D
P,A,W,F,O,K
P,A,W,N,U,Z
P,A,W,S,I,P
P,A,X,R,I,R
P,A,X,V,I,V
P,A,Z,S,E,R
P,E,F,G,U,F
P,E,G,J,U,I
P,E,G,Y,O,R
P,E,L,L,O,J
P,E,M,G,E,W
P,E,M,W,I,O
P,E,M,W,U,A
P,E,N,J,I,D
P,E,N,R,A,D
P,E,P,P,E,G
P,E,P,X,O,Z
P,E,Q,F,I,A
P,E,R,W,O,Z
P,E,R,Y,E,R
P,E,S,W,A,M
P,E,V,N,I,N
P,E,W,M,A,H
P,E,W,M,E,L
P,E,X,P,U,F
P,I,B,V,A,Y
P,I,C,F,A,L
P,I,F,L,I,C
P,I,H,P,E,E
P,I,J,S,A,F
P,I,K,R,A,C
P,I,M,X,I,U
P,I,M,Y,A,N
P,I,Q,H,A,A
P,I,Q,Q,U,E
P,I,R,P,O,V
P,I,W,V,I,C
P,I,Y,Y,U,S
P,I,Y,Z,E,E
P,O,C,J,U,O
P,O,F,L,I,I
P,O,F,M,O,O
P,O,H,D,U,N
P,O,H,H,U,R
P,O,K,J,E,F
P,O,L,C,O,I
P,O,L,J,E,F
P,O,N,P,U,E
P,O,P,D,E,E
P,O,Q,F,O,T
P,O,S,D,A,F
P,O,T,D,O,S
P,O,T,M,A,N
P,O,X,D,E,L
P,O,X,V,U,V
P,O,Y,D,A,K
P,O,Z,H,O,C
P,S,I,H,P,D
P,S,P,L,C,A
P,T,S,A,N,O
P,U,G,N,U,B,0,1
P,U,L,N,I,V
P,U,Q,P,I,A
P,U,R,J,U,J
P,U,T,F,U,F
P,U,T,H,U,H
P,U,W,L,I,E
P,U,Z,V,A,J
Q,A,C,W,I,D
Q,A,C,X,E,Y
Q,A,D,G,O,S
Q,A,H,M,E,S
Q,A,J,M,E,U
Q,A,J,Z,I,L
Q,A,M,J,O,G
Q,A,N,G,A,P
Q,A,P,Z,I,S
Q,A,R,F,I,A
Q,A,T,X,E,R
Q,A,T,X,O,B
Q,A,T,Z,A,N
Q,A,V,B,O,H
Q,A,X,F,E,D
Q,A,Y,R,U,G
Q,A,Y,W,E,U
Q,E,B,F,I,M
Q,E,B,X,I,E
Q,E,C,Y,I,G
Q,E,F,W,E,D
Q,E,L,M,A,Y
Q,E,M,T,U,A
Q,E,Q,M,I,J
Q,E,R,Q,O,U
Q,E,T,J,I,I
Q,E,V,S,A,O
Q,E,Z,V,A,V
Q,I,B,C,O,U
Q,I,B,P,O,H
Q,I,B,Q,E,Y
Q,I,C,D,I,R
Q,I,C,P,U,N
Q,I,H,D,U,G
Q,I,H,S,O,P
Q,I,M,G,E,A
Q,I,M,S,A,I
Q,I,P,J,U,W
Q,I,Q,F,A,X
Q,I,Q,M,E,I
Q,I,Q,T,E,P
Q,I,T,J,E,I
Q,I,X,Y,A,Z
Q,I,X,Z,A,A
Q,O,C,L,U,R
Q,O,C,M,A,Y
Q,O,G,G,O,K
Q,O,H,K,U,T
Q,O,H,Y,A,N
Q,O,Q,L,A,K
Q,O,Q,Q,E,S
Q,O,Q,T,I,B
Q,O,Q,W,O,J
Q,O,Q,W,U,P
Q,O,R,B,E,F
Q,O,V,B,O,U
Q,O,X,W,O,Q
Q,U,C,R,E,N
Q,U,C,V,U,G
Q,U,K,P,O,D
Q,U,M,Z,U,T
Q,U,N,F,A,I
Q,U,R,S,I,F
Q,U,R,T,A,Z
Q,U,R,T,I,G
Q,U,T,F,O,A
Q,U,X,G,O,H
Q,U,Z,B,U,K
Q,U,Z,F,O,I
R,A,B,Z,U,P
R,A,F,P,U,J
R,A,G,T,U,R
R,A,J,Z,E,K
R,A,K,W,E,H
R,A,M,T,O,R
R,A,R,M,I,I
R,A,R,N,U,V
R,A,W,N,O,U
R,A,X,F,I,G
R,A,X,Q,U,D
R,A,Y,Z,A,S
R,A,Z,D,E,B
R,E,B,K,E,P
R,E,B,N,O,D
R,E,B,T,U,O
R,E,D,C,E,J
R,E,F,L,I,X
R,E,G,R,U,R
R,E,L,T,A,G
R,E,M,Q,A,E
R,E,M,V,U,D
R,E,R,L,I,L
R,E,S,G,I,I
R,E,S,V,I,W
R,E,V,G,E,F
R,E,Y,Z,E,A
R,I,C,Q,A,X
R,I,C,R,I,E
R,I,C,X,I,M
R,I,F,J,E,Y
R,I,G,Z,A,K
R,I,J,G,A,S
R,I,L,B,E,T
R,I,L,X,I,V
R,I,M,B,I,B
R,I,N,L,A,B
R,I,N,N,A,E
R,I,P,B,U,N
R,I,W,B,I,K
R,I,W,D,O,S
R,I,X,G,E,N
R,O,B,T,E,J
R,O,C,B,A,N
R,O,C,C,A,Q
R,O,C,C,E,S
R,O,C,X,I,T
R,O,G,M,U,Y
R,O,G,V,O,Z
R,O,J,P,O,W
R,O,K,W,O,F
R,O,L,B,O,J
R,O,M,F,A,D
R,O,M,F,O,R
R,O,P,N,A,L
R,O,S,B,A,E
R,O,S,M,U,K
R,O,T,L,O,E
R,O,T,N,A,S
R,O,V,B,I,Q
R,O,Y,M,U,P
R,U,D,Q,I,S
R,U,J,M,A,L
R,U,J,V,O,H
R,U,L,J,A,K
R,U,N,Y,I,K
R,U,P,F,E,O
R,U,Q,F,I,S
R,U,T,Y,I,O
R,U,V,B,I,T
R,U,W,H,I,B
R,U,W,L,U,Q
R,U,X,J,U,R
S,A,G,Q,I,C
S,A,K,C,E,P
S,A,K,T,U,W
S,A,L,R,O,M
S,A,N,V,E,J
S,A,P,K,A,Y
S,A,P,M,A,Y
S,A,P,Q,U,X
S,A,P,S,E,I
S,A,S,B,I,Z
S,A,S,D,I,Z
S,A,S,F,E,Z
S,A,S,H,A,X
S,A,S,M,E,F
S,A,T,C,O,F
S,A,T,X,E,Q
S,A,T,Z,O,C
S,A,V,C,O,H
S,A,V,H,I,J
S,A,X,G,O,N
S,E,C,N,E,T
S,E,C,S,A,X
S,E,C,Y,A,A
S,E,D,F,U,E
S,E,D,J,U,J
S,E,D,M,A,R
S,E,K,L,E,Z
S,E,K,L,I,D
S,E,L,G,U,N
S,E,L,Z,I,U
S,E,L,Z,O,A
S,E,M,J,I,E
S,E,M,Z,A,O
S,E,P,P,I,P
S,E,P,X,E,S
S,E,Q,G,A,Y
S,E,Q,J,A,Z
S,E,S,S,I,T
S,E,S,V,E,T
S,E,T,R,E,O
S,E,V,Y,A,U
S,E,Y,P,U,H
S,I,C,Q,A,Y
S,I,D,F,E,S
S,I,G,D,O,E
S,I,G,J,I,B
S,I,G,Q,A,D
S,I,G,T,E,K
S,I,J,S,U,C
S,I,K,H,E,Z
S,I,K,R,O,U
S,I,L,J,E,C
S,I,N,W,O,B
S,I,P,C,E,Z
S,I,Q,F,I,K
S,I,Q,X,A,U
S,I,R,T,I,Z
S,I,S,Y,I,E
S,I,V,H,O,U
S,I,V,M,O,B
S,I,X,L,A,P
S,I,Z,B,A,F
S,O,C,D,O,D
S,O,F,H,A,W
S,O,J,X,I,Z
S,O,K,T,U,H
S,O,K,Z,O,K
S,O,L,L,E,N
S,O,M,D,I,I
S,O,R,T,U,O
S,O,V,C,I,S
S,O,V,K,I,Z
S,O,W,K,I,Z
S,O,Y,R,O,P
S,U,C,D,U,R
S,U,C,J,E,F
S,U,C,P,Y,R,1,0
S,U,D,T,O,C
S,U,G,V,O,H
S,U,H,T,O,G
S,U,J,T,A,U
S,U,L,Q,A,T
S,U,Q,D,A,K
S,U,Q,D,E,O
S,U,R,F,U,H
S,U,R,V,U,Y
S,U,S,C,O,A
S,U,T,D,I,W
S,U,T,Z,I,S
S,U,W,Q,U,X
S,U,X,H,A,V
S,U,X,H,E,Z
S,U,X,H,I,E
S,U,Y,K,I,I
S,U,Z,L,O,O
S,U,Z,M,E,G
T,A,B,V,E,A
T,A,D,N,E,T
T,A,D,R,I,A
T,A,F,Z,O,S
T,A,G,G,E,P
T,A,G,G,E,Q
T,A,G,G,I,T
T,A,G,G,O,A
T,A,H,C,O,U
T,A,J,F,E,S
T,A,J,L,A,R
T,A,K,B,U,F
T,A,K,F,O,D
T,A,K,G,I,V
T,A,M,P,I,I
T,A,N,V,I,Q
T,A,T,J,A,Z
T,A,Y,D,O,N
T,A,Z,K,U,B
T,E,C,N,O,G
T,E,C,P,A,V
T,E,F,V,A,B
T,E,F,Y,U,Z
T,E,J,P,I,I
T,E,N,J,E,E
T,E,R,B,U,N
T,E,S,N,E,L
T,E,S,P,E,N
T,E,T,C,I,F
T,E,T,Y,I,B
T,E,V,B,A,Z
T,E,V,J,I,N
T,E,W,F,O,Q
T,E,Z,D,O,S
T,E,Z,K,O,A
T,H,Z,O,L,B
T,I,B,G,O,A
T,I,C,H,O,C
T,I,C,Y,U,Z
T,I,D,R,A,Z
T,I,D,T,A,C
T,I,D,V,A,E
T,I,F,J,E,Y
T,I,G,V,O,X
T,I,H,J,U,R
T,I,J,K,U,S
T,I,J,W,I,S
T,I,M,R,U,E
T,I,M,T,U,E
T,I,M,V,I,U
T,I,T,V,U,N
T,I,T,Z,U,R
T,I,V,H,U,C
T,I,X,C,U,Z
T,I,X,P,O,G
T,I,Y,C,I,P
T,I,Y,S,I,F
T,I,Z,G,A,N
T,I,Z,M,A,T
T,M,P,H,T,B
T,O,B,H,O,J
T,O,C,H,U,R
T,O,D,V,E,P
T,O,H,J,O,P
T,O,H,M,I,P
T,O,J,B,I,D
T,O,P,M,U,H
T,O,P,Q,O,F
T,O,Q,C,U,A
T,O,Q,R,O,I
T,O,S,T,O,K
T,O,T,H,I,W
T,O,V,M,O,G
T,O,V,N,U,P
T,O,V,Z,O,V
T,O,W,G,A,Q
T,O,Y,D,E,T
T,O,Z,Y,O,Y
T,U,H,C,E,F
T,U,H,L,I,R
T,U,L,M,A,Q
T,U,L,P,U,N
T,U,M,J,I,W
T,U,N,B,O,T
T,U,N,M,O,F
T,U,N,R,I,E
T,U,P,K,E,U
T,U,P,M,A,T
T,U,Q,B,A,J
T,U,S,R,O,P
T,U,S,V,E,K
T,U,W,F,A,T
T,U,X,X,O,A
U,B,A,V,A,W
U,C,I,P,A,Y
U,C,O,B,E,V
U,C,U,C,E,C
U,D,A,H,I,S
U,D,I,M,I,F
U,D,I,X,O,W
U,D,O,F,A,X
U,D,O,R,U,D
U,D,O,S,A,K
U,F,E,P,U,R
U,F,U,G,A,G
U,G,E,Y,O,U
U,G,U,H,U,Z
U,H,A,C,I,P
U,H,A,S,O,L
U,H,I,P,O,S
U,J,E,Y,E,N
U,J,I,V,I,U
U,J,U,D,E,K
U,K,E,Y,U,E
U,L,A,K,A,T
U,L,A,W,U,B
U,L,E,B,O,E
U,L,E,K,E,D
U,L,E,R,O,T
U,L,I,X,I,X
U,M,E,P,U,X
U,N,A,L,A,X
U,N,E,G,O,K
U,N,O,C,I,J
U,N,O,J,A,K
U,P,A,Y,U,G
U,P,E,P,I,P
U,P,U,L,U,O
U,Q,A,Z,U,I
U,Q,E,K,A,D
U,Q,I,D,U,V
U,Q,I,F,A,D
U,R,A,D,U,N
U,R,A,P,I,N
U,R,E,R,U,G
U,R,O,J,E,R
U,S,O,N,U,M
U,T,I,F,A,G
U,T,I,F,O,U
U,V,A,Q,E,P
U,V,A,T,I,V
U,V,A,X,A,R
U,V,I,R,A,T
U,V,O,T,U,V
U,V,U,Q,I,M
U,W,I,R,O,J
U,W,U,M,I,K,0,2
U,W,U,Q,A,G
U,W,U,T,E,M
U,X,I,N,U,M
U,X,O,D,A,N
U,Y,A,C,U,U
U,Y,I,J,A,O
U,Y,U,Y,E,T
V,A,B,G,U,A
V,A,C,V,U,Q
V,A,L,N,I,I
V,A,M,R,O,S
V,A,N,T,O,T
V,A,Q,X,O,C
V,A,Q,Y,E,T
V,A,R,S,O,Z
V,A,S,T,O,B
V,A,V,Z,E,X
V,A,W,K,O,W
V,A,W,W,E,V,0,3
V,A,X,H,U,Z
V,A,X,J,U,B
V,A,X,L,E,N
V,A,X,L,U,D
V,A,X,M,I,S
V,A,Y,P,A,N
V,A,Y,Q,A,Q
V,A,Z,N,A,L
V,E,B,T,I,G
V,E,F,F,A,P
V,E,F,X,E,L
V,E,G,D,I,W
V,E,G,R,E,E
V,E,H,N,A,Y
V,E,H,V,E,M
V,E,L,C,O,E
V,E,L,G,U,Q
V,E,M,H,I,H
V,E,N,J,U,U
V,E,N,T,A,J
V,E,P,W,O,D
V,E,Q,B,E,B
V,E,Q,D,I,H
V,E,R,J,U,X
V,E,S,M,O,W
V,E,S,V,O,F
V,E,T,S,O,D
V,E,T,W,O,H
V,E,V,K,A,K
V,E,X,N,I,W
V,E,Z,M,O,F
V,I,C,J,A,V
V,I,C,P,E,E
V,I,D,H,A,S
V,I,F,X,I,S
V,I,H,B,O,E
V,I,H,C,A,Q
V,I,H,C,A,R
V,I,J,G,I,G
V,I,J,K,U,X
V,I,J,K,U,X,0,1
V,I,K,S,E,N
V,I,L,L,A,G
V,I,M,L,E,L
V,I,N,F,O,Q
V,I,N,G,A,D
V,I,N,R,E,Q
V,I,N,T,U,I
V,I,P,G,E,I
V,I,P,Q,U,H
V,I,Q,C,E,F
V,I,S,B,I,J
V,I,S,F,I,N
V,I,S,G,A,G
V,I,S,H,E,N
V,I,W,R,E,Z
V,I,W,T,A,Z
V,I,X,Y,E,J
V,I,Y,V,E,H
V,O,B,J,A,X
V,O,H,H,U,V
V,O,L,C,E,H
V,O,L,J,I,Q
V,O,L,R,E,T
V,O,L,X,I,D
V,O,N,C,A,C
V,O,R,S,U,T
V,O,T,T,E,D
V,O,T,Y,O,S
V,O,V,H,U,J
V,O,W,N,O,N
V,U,J,V,A,X
V,U,M,S,E,C
V,U,N,T,A,B
V,U,Q,Z,I,S
V,U,R,X,I,R
V,U,S,F,A,S
V,U,X,B,E,X
V,U,Z,G,A,Z
W,A,C,D,E,M
W,A,C,D,I,P
W,A,F,G,U,I
W,A,F,J,A,R
W,A,F,K,I,A
W,A,G,Z,I,Q
W,A,H,W,U,Y
W,A,H,Z,I,P
W,A,H,Z,U,B
W,A,K,S,O,S
W,A,K,S,U,Y
W,A,N,J,E,D
W,A,N,P,O,S
W,A,R,G,A,A
W,A,S,C,E,A
W,A,W,P,I,W
W,E,C,X,U,Z
W,E,D,G,E,U
W,E,F,L,O,J
W,E,F,L,U,P
W,E,F,R,E,G
W,E,G,N,I,G
W,E,J,B,O,C
W,E,J,L,O,P
W,E,K,F,O,H
W,E,K,H,E,A,0,1
W,E,M,M,I,K
W,E,N,Q,U,D
W,E,T,K,E,L
W,E,V,B,A,B
W,E,W,C,E,G,1,0
W,E,Z,D,U,D
W,E,Z,T,E,D
W,I,C,B,I,W
W,I,C,L,A,V
W,I,C,Z,A,L
W,I,D,C,O,B
W,I,F,Z,U,H
W,I,J,C,E,A
W,I,L,Z,E,X
W,I,N,F,E,H
W,I,N,R,O,C
W,I,N,S,U,H
W,I,P,H,A,E
W,I,S,N,E,U
W,I,V,S,I,G
W,I,W,X,E,G
W,I,W,Y,A,D
W,I,X,P,A,V
W,I,X,V,I,I
W,O,B,G,O,K
W,O,D,S,I,T
W,O,G,D,U,T
W,O,H,D,A,Z
W,O,J,R,I,W
W,O,J,S,A,P
W,O,J,S,E,W
W,O,L,G,A,H
W,O,L,G,E,L
W,O,M,D,A,F
W,O,M,D,E,K
W,O,M,L,A,L
W,O,N,N,I,X
W,O,P,C,I,P
W,O,P,G,O,A
W,O,S,H,I,V
W,O,S,Y,A,E
W,O,W,Q,I,L
W,U,B,S,E,U
W,U,B,W,E,V
W,U,C,B,I,F
W,U,C,Y,I,E
W,U,J,C,E,J
W,U,L,M,E,W
W,U,P,H,I,Z
W,U,R,J,O,K
W,U,S,K,A,X
W,U,T,P,O,Q
X,A,D,Z,I,M
X,A,G,C,E,N
X,A,G,S,A,A
X,A,H,Q,A,B
X,A,H,S,A,D
X,A,J,N,O,M
X,A,L,K,E,C
X,A,L,T,I,N,0,1
X,A,N,D,O,H
X,A,N,W,O,A
X,A,R,B,A,V
X,A,T,S,A,M
X,A,T,W,E,W
X,A,T,Y,U,M
X,A,X,T,E,X
X,E,D,Y,I,R
X,E,J,V,E,Q
X,E,K,Y,I,X
X,E,K,Z,U,I
X,E,N,L,A,E
X,E,N,S,A,L
X,E,R,G,A,F
X,E,V,L,A,O
X,E,V,L,O,C
X,E,W,V,I,H
X,I,B,H,E,W
X,I,D,H,A,U
X,I,D,Z,I,W
X,I,J,K,U,Z
X,I,J,L,I,N
X,I,K,Q,O,Z
X,I,L,X,O,I
X,I,N,Q,I,X
X,I,P,H,A,G
X,I,P,X,U,Q
X,I,Q,X,I,G
X,I,S,R,E,W
X,I,T,W,O,P
X,I,V,Q,U,R
X,I,W,V,A,D,0,1
X,I,Y,B,I,Q
X,O,C,V,O,B
X,O,H,C,U,V
X,O,P,N,E,V
X,O,P,N,I,Z
X,O,P,Z,O,R
X,O,S,J,E,U
X,O,S,W,A,F
X,O,S,Z,A,I
X,O,V,J,U,P
X,O,Z,F,U,O
X,U,F,P,E,U
X,U,H,Q,I,A
X,U,R,C,A,O
X,U,R,D,A,R
X,U,T,P,I,M
X,U,Y,T,E,Q
X,U,Z,S,O,B
Y,A,C,Q,A,V
Y,A,J,G,O,H
Y,A,L,Y,O,B
Y,A,M,B,A,S
Y,A,M,G,E,A
Y,A,M,J,I,H
Y,A,N,T,A,J
Y,A,P,J,I,L
Y,A,Q,W,O,E
Y,A,Q,W,O,F
Y,A,Q,Y,O,H
Y,A,T,J,A,F
Y,A,Z,Q,U,O
Y,E,C,D,O,Z
Y,E,F,M,O,N
Y,E,H,S,U,C
Y,E,J,P,O,U
Y,E,K,V,O,B
Y,E,W,M,O,C
Y,E,Z,G,A,O
Y,I,B,C,I,X
Y,I,B,G,O,F
Y,I,D,K,O,O
Y,I,F,J,U,T
Y,I,H,F,O,L
Y,I,L,N,O,Y
Y,I,S,C,I,P
Y,I,S,F,O,W
Y,I,S,T,U,P
Y,O,D,T,A,O
Y,O,F,V,I,B
Y,O,R,B,U,F
Y,O,R,S,E,F
Y,O,S,B,U,D
Y,O,W,H,E,Z
Y,U,B,Q,O,D
Y,U,C,S,A,R
Y,U,D,K,A,K
Y,U,D,M,A,L
Y,U,J,B,A,G
Y,U,L,T,O,P
Y,U,T,F,I,C
Y,U,T,F,O,I
Z,A,D,J,E,T
Z,A,D,M,O,G
Z,A,G,V,O,V
Z,A,H,T,E,K
Z,A,J,G,A,V
Z,A,N,D,E,X
Z,A,R,Q,O,A
Z,A,V,Z,A,X
Z,A,Y,L,A,M
Z,E,F,P,A,D
Z,E,H,C,U,N
Z,E,L,V,E,U
Z,E,L,V,I,V
Z,E,M,B,E,B
Z,E,R,W,U,Q
Z,E,S,W,O,L
Z,E,W,H,U,G
Z,E,W,P,I,A
Z,E,Z,R,O,L
Z,I,G,Y,I,X
Z,I,H,P,A,H
Z,I,K,L,A,G
Z,I,K,S,E,R
Z,I,M,W,E,A
Z,I,V,N,O,H
Z,I,Y,R,O,O
Z,O,B,Y,E,W
Z,O,C,L,E,K
Z,O,F,K,E,N
Z,O,L,W,E,F
Z,O,M,C,E,M
Z,O,Q,H,U,L
Z,O,S,R,O,Q
Z,O,V,F,E,V
Z,O,W,C,O,D
Z,O,Z,W,E,S
Z,O,Z,Z,U,J,0,1
Z,U,C,Z,U,S
Z,U,D,G,O,U
Z,U,G,Q,O,H
Z,U,H,V,O,N
Z,U,M,K,A,T
Z,U,S,L,O,O
Z,U,S,M,U,V
Z,U,S,N,O,Q
Z,U,S,P,E,I
Z,U,T,F,E,B
Z,U,V,Z,U,N
Z,U,X,Y,E,Y
Z,U,X,Y,I,C
